{
	"Speed 2" :
	{
		"minSize" : "m", "maxSize" : "m",
		"players" : "2",
		"zones" :
		{
			"1" :
			{
				"type" : "playerStart",
				"size" : 14,
				"owner" : 1,
				"monsters" : "normal",
				"playerTowns" : { "castles" : 1 },
				"neutralTowns" : { "castles" : 1 },
				"townsAreSameType" : true,
				"mines" : { "wood" : 1, "ore" : 1 },
				"treasure" :
				[
					{ "min" : 500, "max" : 3000, "density" : 10 },
					{ "min" : 3000, "max" : 6000, "density" : 8 },
					{ "min" : 1000, "max" : 2000, "density" : 5 }
				]
			},
			"2" :
			{
				"type" : "playerStart",
				"size" : 14,
				"owner" : 2,
				"monsters" : "normal",
				"playerTowns" : { "castles" : 1 },
				"neutralTowns" : { "castles" : 1 },
				"townsAreSameType" : true,
				"minesLikeZone" : 1,
				"treasureLikeZone" : 1
			},
			"3" :
			{
				"type" : "treasure",
				"size" : 10,
				"monsters" : "normal",
				"neutralTowns" : { "towns" : 2 },
				"allowedTowns" : [ "castle", "rampart", "necropolis", "dungeon", "conflux" ],
				"matchTerrainToTown" : false,
				"terrainTypes" : [ "dirt", "grass", "subterra" ],
				"mines" : { "mercury" : 1, "sulfur" : 1, "crystal" : 1, "gems" : 1 },
				"treasure" :
				[
					{ "min" : 100, "max" : 1500, "density" : 6 },
					{ "min" : 2000, "max" : 3000, "density" : 8 },
					{ "min" : 5000, "max" : 9000, "density" : 7 }
				]
			},
			"4" :
			{
				"type" : "treasure",
				"size" : 14,
				"monsters" : "normal",
				"neutralTowns" : { "castles" : 1 },
				"minesLikeZone" : 1,
				"treasureLikeZone" : 1
			},
			"5" :
			{
				"type" : "treasure",
				"size" : 14,
				"monsters" : "normal",
				"neutralTowns" : { "castles" : 1 },
				"minesLikeZone" : 1,
				"treasureLikeZone" : 1
			},
			"6" :
			{
				"type" : "treasure",
				"size" : 10,
				"monsters" : "normal",
				"neutralTowns" : { "towns" : 2 },
				"allowedTowns" : [ "castle", "rampart", "necropolis", "dungeon", "conflux" ],
				"terrainTypeLikeZone" : 3,
				"minesLikeZone" : 3,
				"treasureLikeZone" : 3
			}
		},
		"connections" :
		[
			{ "a" : "2", "b" : "3", "guard" : 6000 },
			{ "a" : "1", "b" : "4", "guard" : 4500 },
			{ "a" : "1", "b" : "2", "guard" : 12500 },
			{ "a" : "2", "b" : "5", "guard" : 4500 },
			{ "a" : "1", "b" : "6", "guard" : 6000 }
		]
	}
}
