{
	"images" :
	[
		{ "frame" : 0, "file" : "HPL000KN.bmp"},
		{ "frame" : 1, "file" : "HPL001KN.bmp"},
		{ "frame" : 2, "file" : "HPL002KN.bmp"},
		{ "frame" : 3, "file" : "HPL003KN.bmp"},
		{ "frame" : 4, "file" : "HPL004KN.bmp"},
		{ "frame" : 5, "file" : "HPL005KN.bmp"},
		{ "frame" : 6, "file" : "HPL006KN.bmp"},
		{ "frame" : 7, "file" : "HPL007KN.bmp"},
		{ "frame" : 8, "file" : "HPL008CL.bmp"},
		{ "frame" : 9, "file" : "HPL009CL.bmp"},
		{ "frame" : 10, "file" : "HPL010CL.bmp"},
		{ "frame" : 11, "file" : "HPL011CL.bmp"},
		{ "frame" : 12, "file" : "HPL012CL.bmp"},
		{ "frame" : 13, "file" : "HPL013CL.bmp"},
		{ "frame" : 14, "file" : "HPL014CL.bmp"},
		{ "frame" : 15, "file" : "HPL015CL.bmp"},
		{ "frame" : 16, "file" : "HPL016RN.bmp"},
		{ "frame" : 17, "file" : "HPL017RN.bmp"},
		{ "frame" : 18, "file" : "HPL018RN.bmp"},
		{ "frame" : 19, "file" : "HPL019RN.bmp"},
		{ "frame" : 20, "file" : "HPL020RN.bmp"},
		{ "frame" : 21, "file" : "HPL021RN.bmp"},
		{ "frame" : 22, "file" : "HPL022RN.bmp"},
		{ "frame" : 23, "file" : "HPL023RN.bmp"},
		{ "frame" : 24, "file" : "HPL024DR.bmp"},
		{ "frame" : 25, "file" : "HPL025DR.bmp"},
		{ "frame" : 26, "file" : "HPL026DR.bmp"},
		{ "frame" : 27, "file" : "HPL027DR.bmp"},
		{ "frame" : 28, "file" : "HPL028DR.bmp"},
		{ "frame" : 29, "file" : "HPL029DR.bmp"},
		{ "frame" : 30, "file" : "HPL030DR.bmp"},
		{ "frame" : 31, "file" : "HPL031DR.bmp"},
		{ "frame" : 32, "file" : "HPL032AL.bmp"},
		{ "frame" : 33, "file" : "HPL033AL.bmp"},
		{ "frame" : 34, "file" : "HPL034AL.bmp"},
		{ "frame" : 35, "file" : "HPL035AL.bmp"},
		{ "frame" : 36, "file" : "HPL036AL.bmp"},
		{ "frame" : 37, "file" : "HPL037AL.bmp"},
		{ "frame" : 38, "file" : "HPL038AL.bmp"},
		{ "frame" : 39, "file" : "HPL039AL.bmp"},
		{ "frame" : 40, "file" : "HPL040WZ.bmp"},
		{ "frame" : 41, "file" : "HPL041WZ.bmp"},
		{ "frame" : 42, "file" : "HPL042WZ.bmp"},
		{ "frame" : 43, "file" : "HPL043WZ.bmp"},
		{ "frame" : 44, "file" : "HPL044WZ.bmp"},
		{ "frame" : 45, "file" : "HPL045WZ.bmp"},
		{ "frame" : 46, "file" : "HPL046WZ.bmp"},
		{ "frame" : 47, "file" : "HPL047WZ.bmp"},
		{ "frame" : 48, "file" : "HPL048HR.bmp"},
		{ "frame" : 49, "file" : "HPL049HR.bmp"},
		{ "frame" : 50, "file" : "HPL050HR.bmp"},
		{ "frame" : 51, "file" : "HPL051HR.bmp"},
		{ "frame" : 52, "file" : "HPL052HR.bmp"},
		{ "frame" : 53, "file" : "HPL053HR.bmp"},
		{ "frame" : 54, "file" : "HPL054HR.bmp"},
		{ "frame" : 55, "file" : "HPL055HR.bmp"},
		{ "frame" : 56, "file" : "HPL056DM.bmp"},
		{ "frame" : 57, "file" : "HPL057DM.bmp"},
		{ "frame" : 58, "file" : "HPL058DM.bmp"},
		{ "frame" : 59, "file" : "HPL059DM.bmp"},
		{ "frame" : 60, "file" : "HPL060DM.bmp"},
		{ "frame" : 61, "file" : "HPL061DM.bmp"},
		{ "frame" : 62, "file" : "HPL062DM.bmp"},
		{ "frame" : 63, "file" : "HPL063DM.bmp"},
		{ "frame" : 64, "file" : "HPL064DK.bmp"},
		{ "frame" : 65, "file" : "HPL065DK.bmp"},
		{ "frame" : 66, "file" : "HPL066DK.bmp"},
		{ "frame" : 67, "file" : "HPL067DK.bmp"},
		{ "frame" : 68, "file" : "HPL068DK.bmp"},
		{ "frame" : 69, "file" : "HPL069DK.bmp"},
		{ "frame" : 70, "file" : "HPL070DK.bmp"},
		{ "frame" : 71, "file" : "HPL071DK.bmp"},
		{ "frame" : 72, "file" : "HPL072NC.bmp"},
		{ "frame" : 73, "file" : "HPL073NC.bmp"},
		{ "frame" : 74, "file" : "HPL074NC.bmp"},
		{ "frame" : 75, "file" : "HPL075NC.bmp"},
		{ "frame" : 76, "file" : "HPL076NC.bmp"},
		{ "frame" : 77, "file" : "HPL077NC.bmp"},
		{ "frame" : 78, "file" : "HPL078NC.bmp"},
		{ "frame" : 79, "file" : "HPL079NC.bmp"},
		{ "frame" : 80, "file" : "HPL080OV.bmp"},
		{ "frame" : 81, "file" : "HPL081OV.bmp"},
		{ "frame" : 82, "file" : "HPL082OV.bmp"},
		{ "frame" : 83, "file" : "HPL083OV.bmp"},
		{ "frame" : 84, "file" : "HPL084OV.bmp"},
		{ "frame" : 85, "file" : "HPL085OV.bmp"},
		{ "frame" : 86, "file" : "HPL086OV.bmp"},
		{ "frame" : 87, "file" : "HPL087OV.bmp"},
		{ "frame" : 88, "file" : "HPL088WL.bmp"},
		{ "frame" : 89, "file" : "HPL089WL.bmp"},
		{ "frame" : 90, "file" : "HPL090WL.bmp"},
		{ "frame" : 91, "file" : "HPL091WL.bmp"},
		{ "frame" : 92, "file" : "HPL092WL.bmp"},
		{ "frame" : 93, "file" : "HPL093WL.bmp"},
		{ "frame" : 94, "file" : "HPL094WL.bmp"},
		{ "frame" : 95, "file" : "HPL095WL.bmp"},
		{ "frame" : 96, "file" : "HPL096BR.bmp"},
		{ "frame" : 97, "file" : "HPL097BR.bmp"},
		{ "frame" : 98, "file" : "HPL098BR.bmp"},
		{ "frame" : 99, "file" : "HPL099BR.bmp"},
		{ "frame" : 100, "file" : "HPL100BR.bmp"},
		{ "frame" : 101, "file" : "HPL101BR.bmp"},
		{ "frame" : 102, "file" : "HPL102BR.bmp"},
		{ "frame" : 103, "file" : "HPL103BR.bmp"},
		{ "frame" : 104, "file" : "HPL104BM.bmp"},
		{ "frame" : 105, "file" : "HPL105BM.bmp"},
		{ "frame" : 106, "file" : "HPL106BM.bmp"},
		{ "frame" : 107, "file" : "HPL107BM.bmp"},
		{ "frame" : 108, "file" : "HPL108BM.bmp"},
		{ "frame" : 109, "file" : "HPL109BM.bmp"},
		{ "frame" : 110, "file" : "HPL110BM.bmp"},
		{ "frame" : 111, "file" : "HPL111BM.bmp"},
		{ "frame" : 112, "file" : "HPL112BS.bmp"},
		{ "frame" : 113, "file" : "HPL113BS.bmp"},
		{ "frame" : 114, "file" : "HPL114BS.bmp"},
		{ "frame" : 115, "file" : "HPL115BS.bmp"},
		{ "frame" : 116, "file" : "HPL116BS.bmp"},
		{ "frame" : 117, "file" : "HPL117BS.bmp"},
		{ "frame" : 118, "file" : "HPL118BS.bmp"},
		{ "frame" : 119, "file" : "HPL119BS.bmp"},
		{ "frame" : 120, "file" : "HPL120WH.bmp"},
		{ "frame" : 121, "file" : "HPL121WH.bmp"},
		{ "frame" : 122, "file" : "HPL122WH.bmp"},
		{ "frame" : 123, "file" : "HPL123WH.bmp"},
		{ "frame" : 124, "file" : "HPL124WH.bmp"},
		{ "frame" : 125, "file" : "HPL125WH.bmp"},
		{ "frame" : 126, "file" : "HPL126WH.bmp"},
		{ "frame" : 127, "file" : "HPL127WH.bmp"},
		{ "frame" : 128, "file" : "HPL000PL.bmp"},
		{ "frame" : 129, "file" : "HPL001PL.bmp"},
		{ "frame" : 130, "file" : "HPL002PL.bmp"},
		{ "frame" : 131, "file" : "HPL003PL.bmp"},
		{ "frame" : 132, "file" : "HPL004PL.bmp"},
		{ "frame" : 133, "file" : "HPL005PL.bmp"},
		{ "frame" : 134, "file" : "HPL006PL.bmp"},
		{ "frame" : 135, "file" : "HPL007PL.bmp"},
		{ "frame" : 136, "file" : "HPL000EL.bmp"},
		{ "frame" : 137, "file" : "HPL001EL.bmp"},
		{ "frame" : 138, "file" : "HPL002EL.bmp"},
		{ "frame" : 139, "file" : "HPL003EL.bmp"},
		{ "frame" : 140, "file" : "HPL004EL.bmp"},
		{ "frame" : 141, "file" : "HPL005EL.bmp"},
		{ "frame" : 142, "file" : "HPL006EL.bmp"},
		{ "frame" : 143, "file" : "HPL007EL.bmp"},
		{ "frame" : 144, "file" : "HPL130KN.bmp"},
		{ "frame" : 145, "file" : "HPL000SH.bmp"},
		{ "frame" : 146, "file" : "HPL128QC.bmp"},
		{ "frame" : 147, "file" : "HPL003SH.bmp"},
		{ "frame" : 148, "file" : "HPL004SH.bmp"},
		{ "frame" : 149, "file" : "HPL005SH.bmp"},
		{ "frame" : 150, "file" : "HPL006SH.bmp"},
		{ "frame" : 151, "file" : "HPL007SH.bmp"},
		{ "frame" : 152, "file" : "HPL009SH.bmp"},
		{ "frame" : 153, "file" : "HPL008SH.bmp"},
		{ "frame" : 154, "file" : "HPL001SH.bmp"},
		{ "frame" : 155, "file" : "HPL131DM.bmp"},
		{ "frame" : 156, "file" : "HPL129MK.bmp"},
		{ "frame" : 157, "file" : "HPL002SH.bmp"},
		{ "frame" : 158, "file" : "HPL132Wl.bmp"},
		{ "frame" : 159, "file" : "HPL133Nc.bmp"},
		{ "frame" : 160, "file" : "HPL134Nc.bmp"},
		{ "frame" : 161, "file" : "HPL135Wi.bmp"},
		{ "frame" : 162, "file" : "HPL136Wi.bmp"}
	]
}
