{
	"vcmi.adventureMap.monsterThreat.title"     : "\n\n Сила загону: ",
	"vcmi.adventureMap.monsterThreat.levels.0"  : "Безсилий",
	"vcmi.adventureMap.monsterThreat.levels.1"  : "Дуже слабкий",
	"vcmi.adventureMap.monsterThreat.levels.2"  : "Слабкий",
	"vcmi.adventureMap.monsterThreat.levels.3"  : "Трохи слабша",
	"vcmi.adventureMap.monsterThreat.levels.4"  : "Відповідна",
	"vcmi.adventureMap.monsterThreat.levels.5"  : "Трохи сильніша",
	"vcmi.adventureMap.monsterThreat.levels.6"  : "Сильніша",
	"vcmi.adventureMap.monsterThreat.levels.7"  : "Дуже сильна",
	"vcmi.adventureMap.monsterThreat.levels.8"  : "Кидає виклик",
	"vcmi.adventureMap.monsterThreat.levels.9"  : "Нездоланна",
	"vcmi.adventureMap.monsterThreat.levels.10" : "Смертельна",
	"vcmi.adventureMap.monsterThreat.levels.11" : "Неможлива",

	"vcmi.adventureMap.confirmRestartGame"  : "Ви впевнені, що хочете перезапустити гру?",
	"vcmi.adventureMap.noTownWithMarket"    : "Немає доступних ринків!",
	"vcmi.adventureMap.noTownWithTavern"    : "Немає доступного міста з таверною!",
	"vcmi.adventureMap.spellUnknownProblem" : "Невідома проблема з цим заклинанням, більше інформації немає.",
	"vcmi.adventureMap.playerAttacked"      : "Гравця атаковано: %s",
	"vcmi.adventureMap.moveCostDetails" : "Очки руху - Вартість: %TURNS ходів + %POINTS очок. Залишок очок: %REMAINING",
	"vcmi.adventureMap.moveCostDetailsNoTurns" : "Очки руху - Вартість: %POINTS очок, Залишок очок: %REMAINING",

	"vcmi.capitalColors.0" : "Червоний",
	"vcmi.capitalColors.1" : "Синій",
	"vcmi.capitalColors.2" : "Сірий",
	"vcmi.capitalColors.3" : "Зелений",
	"vcmi.capitalColors.4" : "Оранжевий",
	"vcmi.capitalColors.5" : "Бордовий",
	"vcmi.capitalColors.6" : "Сизий",
	"vcmi.capitalColors.7" : "Рожевий",

	"vcmi.radialWheel.mergeSameUnit" : "Об'єднати однакових істот",
	"vcmi.radialWheel.showUnitInformation" : "Показати відомості про істоту",
	"vcmi.radialWheel.splitSingleUnit" : "Відділити одну істоту",
	"vcmi.radialWheel.splitUnitEqually" : "Розділити істот порівну",
	"vcmi.radialWheel.moveUnit" : "Перемістити істоту до іншої армії",
	"vcmi.radialWheel.splitUnit" : "Розділити істоту в інший слот",

	"vcmi.mainMenu.tutorialNotImplemented" : "Вибачте, навчання ще не реалізовано\n",
	"vcmi.mainMenu.highscoresNotImplemented" : "Вибачте, таблицю рекордів ще не реалізовано\n",
	"vcmi.mainMenu.serverConnecting" : "Підключення...",
	"vcmi.mainMenu.serverAddressEnter" : "Вкажіть адресу:",
	"vcmi.mainMenu.serverClosing" : "Завершення...",
	"vcmi.mainMenu.hostTCP" : "Створити TCP/IP гру",
	"vcmi.mainMenu.joinTCP" : "Приєднатися до TCP/IP гри",
	"vcmi.mainMenu.playerName" : "Гравець",
	
	"vcmi.lobby.filename" : "Назва файлу",
	"vcmi.lobby.creationDate" : "Дата створення",

	"vcmi.server.errors.existingProcess"     : "Працює інший процес vcmiserver, будь ласка, спочатку завершіть його",
	"vcmi.server.errors.modsIncompatibility" : "Потрібні модифікації для завантаження гри:",
	"vcmi.server.confirmReconnect"           : "Підключитися до минулої сесії?",

	"vcmi.settingsMainWindow.generalTab.hover" : "Загальні",
	"vcmi.settingsMainWindow.generalTab.help"     : "Перемикає на вкладку загальних параметрів, яка містить налаштування, пов'язані із загальною поведінкою ігрового клієнта",
	"vcmi.settingsMainWindow.battleTab.hover" : "Бої",
	"vcmi.settingsMainWindow.battleTab.help"     : "Перемикає на вкладку параметрів бою, яка дозволяє налаштувати поведінку гри під час бою",
	"vcmi.settingsMainWindow.adventureTab.hover" : "Мапа Пригод",
	"vcmi.settingsMainWindow.adventureTab.help"  : "Перемикає на вкладку параметрів мапи пригод - мапа пригод є частиною гри, де ви можете переміщати своїх героїв",

	"vcmi.systemOptions.videoGroup" : "Налаштування відео",
	"vcmi.systemOptions.audioGroup" : "Налаштування аудіо",
	"vcmi.systemOptions.otherGroup" : "Інші налаштування",
	"vcmi.systemOptions.townsGroup" : "Екран міста",

	"vcmi.systemOptions.fullscreenBorderless.hover" : "На весь екран (безрамкове вікно)",
	"vcmi.systemOptions.fullscreenBorderless.help"  : "{На весь екран (безрамкове вікно)}\n\nЯкщо обрано, VCMI працюватиме у режимі безрамкового вікна на весь екран. У цьому режимі гра завжди використовує ту саму роздільну здатність, що й робочий стіл, ігноруючи вибрану роздільну здатність",
	"vcmi.systemOptions.fullscreenExclusive.hover"  : "На весь екран (ексклюзивний режим)",
	"vcmi.systemOptions.fullscreenExclusive.help"   : "{На весь екран (ексклюзивний режим)}\n\nnЯкщо вибрано, VCMI працюватиме у ексклюзивному повноекранному режимі. У цьому режимі гра змінюватиме роздільну здатність монітора на вибрану роздільну здатність",
	"vcmi.systemOptions.resolutionButton.hover" : "Роздільна здатність: %wx%h",
	"vcmi.systemOptions.resolutionButton.help"  : "{Роздільна здатність}\n\n Зміна розширення екрану в грі. Аби зміни набули чинності необхідно перезавантажити гру.",
	"vcmi.systemOptions.resolutionMenu.hover"   : "Обрати роздільну здатність",
	"vcmi.systemOptions.resolutionMenu.help"    : "Змінити роздільну здатність екрану в грі.",
	"vcmi.systemOptions.scalingButton.hover"   : "Масштабування інтерфейсу: %p%",
	"vcmi.systemOptions.scalingButton.help"    : "{Масштабування інтерфейсу}\n\nЗмінити масштабування ігрового інтерфейсу",
	"vcmi.systemOptions.scalingMenu.hover"     : "Виберіть масштабування інтерфейсу",
	"vcmi.systemOptions.scalingMenu.help"      : "Змінити масштабування ігрового інтерфейсу.",
	"vcmi.systemOptions.longTouchButton.hover"   : "Інтервал довгого дотику: %d мс", // Translation note: "ms" = "milliseconds"
	"vcmi.systemOptions.longTouchButton.help"    : "{Інтервал довгого дотику}\n\nПри використанні сенсорного екрану спливаючі вікна з'являтимуться після дотику до екрану протягом заданої тривалості, в мілісекундах",
	"vcmi.systemOptions.longTouchMenu.hover"     : "Виберіть інтервал довгого дотику",
	"vcmi.systemOptions.longTouchMenu.help"      : "Змінити тривалість інтервалу довгого дотику.",
	"vcmi.systemOptions.longTouchMenu.entry"     : "%d мілісекунд",
	"vcmi.systemOptions.framerateButton.hover"  : "Лічильник кадрів",
	"vcmi.systemOptions.framerateButton.help"   : "{Лічильник кадрів}\n\n Перемикає видимість лічильника кадрів на секунду у кутку ігрового вікна",
	"vcmi.systemOptions.hapticFeedbackButton.hover"  : "Тактильний відгук",
	"vcmi.systemOptions.hapticFeedbackButton.help"   : "{Тактильний відгук}\n\nВикористовувати вібрацію при використанні сенсорного екрану",

	"vcmi.adventureOptions.infoBarPick.help" : "{Повідомлення у панелі статусу}\n\nЗа можливості, повідомлення про відвідування об'єктів карти пригод будуть відображені у панелі статусу замість окремого вікна",
	"vcmi.adventureOptions.infoBarPick.hover" : "Повідомлення у панелі статусу",
	"vcmi.adventureOptions.numericQuantities.hover" : "Числовий показник кількості",
	"vcmi.adventureOptions.numericQuantities.help" : "{Числовий показник кількості}\n\n Показує приблизну кількість ворожих істот у числовому форматі А-Б.",
	"vcmi.adventureOptions.forceMovementInfo.hover" : "Завжди показувати вартість руху",
	"vcmi.adventureOptions.forceMovementInfo.help" : "{Завжди показувати вартість руху}\n\n Замінює стандартну інформацію в рядку стану на вартість переміщення без необхідності утримувати клавішу ALT.",
	"vcmi.adventureOptions.showGrid.hover" : "Показувати сітку",
	"vcmi.adventureOptions.showGrid.help" : "{Показувати сітку}\n\n Відображає сітку, що показує межі між клітинками на мапі пригод.",
	"vcmi.adventureOptions.borderScroll.hover" : "Прокрутка по краю",
	"vcmi.adventureOptions.borderScroll.help" : "{{Прокрутка по краю}\n\nПрокручувати мапу пригод, коли курсор знаходиться біля краю вікна. Цю функцію можна вимкнути, утримуючи клавішу CTRL.",
	"vcmi.adventureOptions.infoBarCreatureManagement.hover" : "Керування істотами у вікні статусу",
	"vcmi.adventureOptions.infoBarCreatureManagement.help" : "{Керування істотами у вікні статусу}\n\nДозволяє впорядковувати істот у вікні статусу замість циклічного перемикання між типовими компонентами",
	"vcmi.adventureOptions.leftButtonDrag.hover" : "Переміщення мапи лівою кнопкою",
	"vcmi.adventureOptions.leftButtonDrag.help" : "{Переміщення мапи лівою кнопкою}\n\nЯкщо увімкнено, переміщення миші з натиснутою лівою кнопкою буде перетягувати мапу пригод",
	"vcmi.adventureOptions.mapScrollSpeed1.hover": "",
	"vcmi.adventureOptions.mapScrollSpeed5.hover": "",
	"vcmi.adventureOptions.mapScrollSpeed6.hover": "",
	"vcmi.adventureOptions.mapScrollSpeed1.help": "Встановити швидкість розгортання мапи - дуже повільно",
	"vcmi.adventureOptions.mapScrollSpeed5.help": "Встановити швидкість розгортання мапи - дуже швидко",
	"vcmi.adventureOptions.mapScrollSpeed6.help": "Встановити швидкість розгортання мапи - миттєво",

	"vcmi.battleOptions.queueSizeLabel.hover": "Вигляд черги ходу істот",
	"vcmi.battleOptions.queueSizeNoneButton.hover": "ВИМК",
	"vcmi.battleOptions.queueSizeAutoButton.hover": "АВТО",
	"vcmi.battleOptions.queueSizeSmallButton.hover": "МАЛА",
	"vcmi.battleOptions.queueSizeBigButton.hover": "ВЕЛИКА",
	"vcmi.battleOptions.queueSizeNoneButton.help": "Повністю вимикає видимість черги ходу істот у бою",
	"vcmi.battleOptions.queueSizeAutoButton.help": "Встановлює розмір черги ходу істот залежно від роздільної здатності гри (малий, якщо грає з вертикальною роздільною здатністю екрана нижче 700 пікселів, великий інакше)",
	"vcmi.battleOptions.queueSizeSmallButton.help": "Встановлює розмір черги ходу істот на малий",
	"vcmi.battleOptions.queueSizeBigButton.help": "Встановлює розмір черги на великий (не підтримується, якщо вертикальна роздільна здатність гри менше 700 пікселів)",
	"vcmi.battleOptions.animationsSpeed1.hover": "",
	"vcmi.battleOptions.animationsSpeed5.hover": "",
	"vcmi.battleOptions.animationsSpeed6.hover": "",
	"vcmi.battleOptions.animationsSpeed1.help": "Встановити дуже низьку швидкість анімації",
	"vcmi.battleOptions.animationsSpeed5.help": "Встановити дуже високу швидкість анімації",
	"vcmi.battleOptions.animationsSpeed6.help": "Встановити миттєву швидкість анімації",
	"vcmi.battleOptions.movementHighlightOnHover.hover": "Підсвічувати зону руху істоти",
	"vcmi.battleOptions.movementHighlightOnHover.help": "{Підсвічувати зону руху істоти}\n\nПідсвічувати можливу зону руху істоти при наведенні курсора миші на неї",
	"vcmi.battleOptions.rangeLimitHighlightOnHover.hover": "Межа повного шкоди пострілом",
	"vcmi.battleOptions.rangeLimitHighlightOnHover.help": "{Межа повного шкоди пострілом}\n\nПідсвічувати зону у якій створіння може завдавати максимальної шкоди пострілом при наведенні на неї курсору миші.",
	"vcmi.battleOptions.showStickyHeroInfoWindows.hover": "Показувати вікно інформації героя",
	"vcmi.battleOptions.showStickyHeroInfoWindows.help": "{Показувати вікно інформації героя}\n\nЗавжди показувати вікно статистики героїв, що відображає первинні параметри та очки заклинань.",
	"vcmi.battleOptions.skipBattleIntroMusic.hover": "Пропускати вступну музику",
	"vcmi.battleOptions.skipBattleIntroMusic.help": "{Пропускати вступну музику}\n\n Пропускати коротку музику, яка грає на початку кожної битви перед початком дії. Також можна пропустити, натиснувши клавішу ESC.",

	"vcmi.battleWindow.pressKeyToSkipIntro" : "Натисніть будь-яку клавішу, щоб розпочати бій",
	"vcmi.battleWindow.damageEstimation.melee" : "Атакувати %CREATURE (%DAMAGE).",
	"vcmi.battleWindow.damageEstimation.meleeKills" : "Атакувати %CREATURE (%DAMAGE, %KILLS).",
	"vcmi.battleWindow.damageEstimation.ranged" : "Стріляти в %CREATURE (%SHOTS, %DAMAGE).",
	"vcmi.battleWindow.damageEstimation.rangedKills" : "Стріляти в %CREATURE (%SHOTS, %DAMAGE, %KILLS).",
	"vcmi.battleWindow.damageEstimation.shots" : "%d пострілів залишилось",
	"vcmi.battleWindow.damageEstimation.shots.1" : "%d постріл залишився",
	"vcmi.battleWindow.damageEstimation.damage" : "%d одиниць пошкоджень",
	"vcmi.battleWindow.damageEstimation.damage.1" : "%d одиниця пошкодження",
	"vcmi.battleWindow.damageEstimation.kills" : "%d загинуть",
	"vcmi.battleWindow.damageEstimation.kills.1" : "%d загине",

	"vcmi.battleResultsWindow.applyResultsLabel" : "Прийняти результат бою",

	"vcmi.otherOptions.availableCreaturesAsDwellingLabel.hover" : "Показувати доступних істот",
	"vcmi.otherOptions.availableCreaturesAsDwellingLabel.help" : "{Показувати доступних істот}\n\n Показує істот, яких можна придбати, замість їхнього приросту у зведенні по місту (нижній лівий кут).",
	"vcmi.otherOptions.creatureGrowthAsDwellingLabel.hover" : "Показувати приріст істот",
	"vcmi.otherOptions.creatureGrowthAsDwellingLabel.help" : "{Показувати приріст істот}\n\n Показує щотижневий приріст істот, замість кількості яку можна придбати у зведенні по місту (нижній лівий кут).",
	"vcmi.otherOptions.compactTownCreatureInfo.hover": "Компактне відображення істот у місті",
	"vcmi.otherOptions.compactTownCreatureInfo.help": "{Компактне відображення істот у місті}\n\n Показує інформацію про істот у місті у зведенні по місту у більш компактному вигляді.",

	"vcmi.townHall.missingBase"             : "Спочатку необхідно звести початкову будівлю: %s",
	"vcmi.townHall.noCreaturesToRecruit"    : "Немає істот, яких можна завербувати!",
	"vcmi.townHall.greetingManaVortex"      : "Неподалік %s ваше тіло наповнюється новою силою. Ваша звична магічна енергія сьогодні подвоєна.",
	"vcmi.townHall.greetingKnowledge"       : "Ви вивчили знаки на %s, і на вас зійшло прозріння у справах магії. (+1 Knowledge).",
	"vcmi.townHall.greetingSpellPower"      : "В %s вас навчили новим методам концентрації магічної сили. (+1 Power).",
	"vcmi.townHall.greetingExperience"      : "Відвідавши %s, ви дізналися багато нового. (+1000 Experience).",
	"vcmi.townHall.greetingAttack"          : "Перебування у %s дозволило вам краще використовувати бойові навички (+1 Attack Skill).",
	"vcmi.townHall.greetingDefence"         : "У %s досвідчені воїни виклали вам свої захисні вміння. (+1 Defense).",
	"vcmi.townHall.hasNotProduced"          : "Поки що %s нічого не створило.",
	"vcmi.townHall.hasProduced"             : "Цього тижня %s створило %d одиниць, цього разу це %s.",
	"vcmi.townHall.greetingCustomBonus"     : "%s дає вам +%d %s%s",
	"vcmi.townHall.greetingCustomUntil"     : " до наступної битви.",
	"vcmi.townHall.greetingInTownMagicWell" : "%s повністю відновлює ваш запас очків магії.",
	
	"vcmi.logicalExpressions.anyOf"  : "Будь-що з перерахованого:",
	"vcmi.logicalExpressions.allOf"  : "Все з перерахованого:",
	"vcmi.logicalExpressions.noneOf" : "Нічого з перерахованого:",

	"vcmi.heroWindow.openCommander.hover" : "Відкрити вікно командира",
	"vcmi.heroWindow.openCommander.help"  : "Показує інформацію про командира героя",

	"vcmi.commanderWindow.artifactMessage" : "Бажаєте передати цей артефакт герою?",

	"vcmi.creatureWindow.showBonuses.hover"    : "Перейти до перегляду бонусів",
	"vcmi.creatureWindow.showBonuses.help"     : "Відображає всі активні бонуси командира",
	"vcmi.creatureWindow.showSkills.hover"     : "Перейдіть до перегляду вмінь",
	"vcmi.creatureWindow.showSkills.help"      : "Відображає всі вивчені командиром вміння",
	"vcmi.creatureWindow.returnArtifact.hover" : "Повернути артефакт",
	"vcmi.creatureWindow.returnArtifact.help"  : "Використовуйте цю кнопку, щоб повернути артефакт загону назад у рюкзак героя",

	"vcmi.questLog.hideComplete.hover" : "Приховати завершені квести",
	"vcmi.questLog.hideComplete.help"  : "Приховує всі квести, які вже мають стан виконаних",
	
	"vcmi.randomMapTab.widgets.randomTemplate"      : "(Випадковий)",
	"vcmi.randomMapTab.widgets.templateLabel"        : "Шаблон",
	"vcmi.randomMapTab.widgets.teamAlignmentsButton" : "Налаштувати...",
	"vcmi.randomMapTab.widgets.teamAlignmentsLabel"  : "Розподіл команд",
	"vcmi.randomMapTab.widgets.roadTypesLabel"       : "Види доріг",

	// Custom victory conditions for H3 campaigns and HotA maps
	"vcmi.map.victoryCondition.daysPassed.toOthers" : "Ворогу вдалося вижити до сьогоднішнього дня. Він переміг!",
	"vcmi.map.victoryCondition.daysPassed.toSelf" : "Вітаємо! Вам вдалося залишитися в живих. Перемога за вами!",
	"vcmi.map.victoryCondition.eliminateMonsters.toOthers" : "Ворог переміг усіх звірів, що заполонили цю землю, і святкує перемогу!",
	"vcmi.map.victoryCondition.eliminateMonsters.toSelf" : "Вітаємо! Ви перемогли усіх звірів, що заполонили цю землю, і можете святкувати перемогу!",
	"vcmi.map.victoryCondition.collectArtifacts.message" : "Здобути три артефакти",
	"vcmi.map.victoryCondition.angelicAlliance.toSelf" : "Вітаємо! Усі ваші вороги переможені, і ви маєте Альянс Ангелів! Перемога ваша!",
	"vcmi.map.victoryCondition.angelicAlliance.message" : "Перемогти всіх ворогів і створити Альянс Ангелів",

	"core.bonus.ADDITIONAL_ATTACK.name" : "Подвійний удар",
	"core.bonus.ADDITIONAL_ATTACK.description" : "Атакує двічі",
	"core.bonus.ADDITIONAL_RETALIATION.name" : "Додаткові відплати",
	"core.bonus.ADDITIONAL_RETALIATION.description" : "Може нанести ${val} додаткових ударів у відповідь",
	"core.bonus.AIR_IMMUNITY.name" : "Імунітет до повітря",
	"core.bonus.AIR_IMMUNITY.description" : "Імунітет до всіх заклять школи повітря",
	"core.bonus.ATTACKS_ALL_ADJACENT.name" : "Атакує всіх навколо",
	"core.bonus.ATTACKS_ALL_ADJACENT.description" : "Атакує всіх сусідніх ворогів",
	"core.bonus.BLOCKS_RETALIATION.name" : "Ворог не відповідає",
	"core.bonus.BLOCKS_RETALIATION.description" : "Ворог не може атакувати у відповідь",
	"core.bonus.BLOCKS_RANGED_RETALIATION.name" : "Немає дальнього удару у відповідь",
	"core.bonus.BLOCKS_RANGED_RETALIATION.description" : "Ворог не може відповісти пострілом",
	"core.bonus.CATAPULT.name" : "Катапульта",
	"core.bonus.CATAPULT.description" : "Атакує стіни фортеці",
	"core.bonus.CHANGES_SPELL_COST_FOR_ALLY.name" : "Зменшує вартість закляття (${val})",
	"core.bonus.CHANGES_SPELL_COST_FOR_ALLY.description" : "Зменшує вартість закляття для героя",
	"core.bonus.CHANGES_SPELL_COST_FOR_ENEMY.name" : "Демпфер магії (${val})",
	"core.bonus.CHANGES_SPELL_COST_FOR_ENEMY.description" : "Збільшує вартість ворожих заклять",
	"core.bonus.CHARGE_IMMUNITY.name" : "Імунітет до атак з розгону",
	"core.bonus.CHARGE_IMMUNITY.description" : "Імунітет до турнірної переваги",
	"core.bonus.DARKNESS.name" : "Покриття темряви",
	"core.bonus.DARKNESS.description" : "Додає ${val} радіусу темряви",
	"core.bonus.DEATH_STARE.name" : "Погляд смерті (${val}%)",
	"core.bonus.DEATH_STARE.description" : "${val}% шанс вбити одну істоту",
	"core.bonus.DEFENSIVE_STANCE.name" : "Бонус до захисту",
	"core.bonus.DEFENSIVE_STANCE.description" : "+${val} Захист при обороні",
	"core.bonus.DESTRUCTION.name" : "Знищення",
	"core.bonus.DESTRUCTION.description" : "Має ${val}% шанс вбити додаткових юнітів після атаки",
	"core.bonus.DOUBLE_DAMAGE_CHANCE.name" : "Смертельний удар",
	"core.bonus.DOUBLE_DAMAGE_CHANCE.description" : "${val}% шанс нанести подвійної шкоди",
	"core.bonus.DRAGON_NATURE.name" : "Дракон",
	"core.bonus.DRAGON_NATURE.description" : "Істота має драконячу природу",
	"core.bonus.EARTH_IMMUNITY.name" : "Імунітет Землі",
	"core.bonus.EARTH_IMMUNITY.description" : "Імунітет до всіх заклять школи Землі",
	"core.bonus.ENCHANTER.name" : "Чарівник",
	"core.bonus.ENCHANTER.description" : "Може використовувати масове закляття ${subtype.spell} кожного ходу",
	"core.bonus.ENCHANTED.name" : "Зачарований",
	"core.bonus.ENCHANTED.description" : "Піддається впливу постійних закляття ${subtype.spell}",
	"core.bonus.ENEMY_DEFENCE_REDUCTION.name" : "Ігнорує ${val}% захисту",
	"core.bonus.ENEMY_DEFENCE_REDUCTION.description" : "Ігнорує частину захисту для атаки",
	"core.bonus.FIRE_IMMUNITY.name" : "Імунітет до вогню",
	"core.bonus.FIRE_IMMUNITY.description" : "Імунітет до всіх заклять школи вогню",
	"core.bonus.FIRE_SHIELD.name" : "Вогняний щит (${val}%)",
	"core.bonus.FIRE_SHIELD.description" : "Повертає частину шкоди ближнього бою тому, хто їх завдав",
	"core.bonus.FIRST_STRIKE.name" : "Перший удар",
	"core.bonus.FIRST_STRIKE.description" : "Цей загін атакує першим замість того, щоб відповідати",
	"core.bonus.FEAR.name" : "Страх",
	"core.bonus.FEAR.description" : "Спричиняє страх у загоні ворога",
	"core.bonus.FEARLESS.name" : "Безстрашний",
	"core.bonus.FEARLESS.description" : "Імунітет до страху",
	"core.bonus.FLYING.name" : "Літає",
	"core.bonus.FLYING.description" : "Може літати (ігнорує перешкоди)",
	"core.bonus.FREE_SHOOTING.name" : "Стріляє впритул",
	"core.bonus.FREE_SHOOTING.description" : "Може стріляти в ближньому бою",
	"core.bonus.GARGOYLE.name" : "Горгулья",
	"core.bonus.GARGOYLE.description" : "Не може бути відроджена або зцілена",
	"core.bonus.GENERAL_DAMAGE_REDUCTION.name" : "Зменшує шкоду (${val}%)",
	"core.bonus.GENERAL_DAMAGE_REDUCTION.description" : "Зменшує фізичну шкоду від ударів з дальньої та ближньої дистанції",
	"core.bonus.HATE.name" : "Ненавидить ${subtype.creature}",
	"core.bonus.HATE.description" : "Завдає на ${val}% більше шкоди",
	"core.bonus.HEALER.name" : "Цілитель",
	"core.bonus.HEALER.description" : "Лікує союзників",
	"core.bonus.HP_REGENERATION.name" : "Регенерація",
	"core.bonus.HP_REGENERATION.description" : "Відновлює ${val} очок здоров'я кожного раунду",
	"core.bonus.JOUSTING.name" : "Турнірна перевага",
	"core.bonus.JOUSTING.description" : "+${val}% шкоди за кожен пройдений гекс",
	"core.bonus.KING.name" : "Король",
	"core.bonus.KING.description" : "Вразливий до ${val}-го рівня закляття Вбивця",
	"core.bonus.LEVEL_SPELL_IMMUNITY.name" : "Імунітет до заклять 1-${val}",
	"core.bonus.LEVEL_SPELL_IMMUNITY.description" : "Імунітет до заклять рівнів 1-${val}",
	"core.bonus.LIFE_DRAIN.name" : "Висмоктує життя (${val}%)",
	"core.bonus.LIFE_DRAIN.description" : "Висмоктує ${val}% від завданої шкоди",
	"core.bonus.MANA_CHANNELING.name" : "Магічний канал ${val}%",
	"core.bonus.MANA_CHANNELING.description" : "Повертає вашому герою ману, витрачену ворогом",
	"core.bonus.MANA_DRAIN.name" : "Викрадання мани",
	"core.bonus.MANA_DRAIN.description" : "Викрадає ${val} мани кожного ходу",
	"core.bonus.MAGIC_MIRROR.name" : "Магічне дзеркало (${val}%)",
	"core.bonus.MAGIC_MIRROR.description" : "Відбиває ворожі заклинання до випадкової істоти ворога з силою в ${val}%",
	"core.bonus.MAGIC_RESISTANCE.name" : "Опір магії (${val}%)",
	"core.bonus.MAGIC_RESISTANCE.description" : "${val}% шанс протистояти ворожим закляттям",
	"core.bonus.MIND_IMMUNITY.name" : "Імунітет до заклять розуму",
	"core.bonus.MIND_IMMUNITY.description" : "Імунітет до заклять типу ",
	"core.bonus.NO_DISTANCE_PENALTY.name" : "Немає штрафу за відстань",
	"core.bonus.NO_DISTANCE_PENALTY.description" : "Повна шкода з будь-якої відстані",
	"core.bonus.NO_MELEE_PENALTY.name" : "Немає штрафу за ближній бій",
	"core.bonus.NO_MELEE_PENALTY.description" : "Загін не має штрафу за ближній бій",
	"core.bonus.NO_MORALE.name" : "Нейтральний бойовий дух",
	"core.bonus.NO_MORALE.description" : "Загін має імунітет до ефектів моралі",
	"core.bonus.NO_WALL_PENALTY.name" : "Немає штрафу за перешкоди",
	"core.bonus.NO_WALL_PENALTY.description" : "Повна шкода при пострілах через стіни",
	"core.bonus.NON_LIVING.name" : "Не жива",
	"core.bonus.NON_LIVING.description" : "Імунітет до багатьох ефектів",
	"core.bonus.RANDOM_SPELLCASTER.name" : "Випадковий заклинатель",
	"core.bonus.RANDOM_SPELLCASTER.description" : "Може накласти випадкове закляття",
	"core.bonus.RANGED_RETALIATION.name" : "Дистанційна відплата",
	"core.bonus.RANGED_RETALIATION.description" : "Може наносити контратаку пострілом",
	"core.bonus.RECEPTIVE.name" : "Сприйнятливий",
	"core.bonus.RECEPTIVE.description" : "Не має імунітету до дружніх заклять",
	"core.bonus.REBIRTH.name" : "Відродження (${val}%)",
	"core.bonus.REBIRTH.description" : "${val}% загону відродиться після смерті",
	"core.bonus.RETURN_AFTER_STRIKE.name" : "Атакує і повертається",
	"core.bonus.RETURN_AFTER_STRIKE.description" : "Повертається після атаки ближнього бою",
	"core.bonus.SHOOTER.name" : "Стрілок",
	"core.bonus.SHOOTER.description" : "Істота може стріляти",
	"core.bonus.SHOOTS_ALL_ADJACENT.name" : "Стріляйте по площі",
	"core.bonus.SHOOTS_ALL_ADJACENT.description" : "Дистанційні атаки цієї істоти вражають всі цілі на невеликій площі",
	"core.bonus.SOUL_STEAL.name" : "Викрадення душ",
	"core.bonus.SOUL_STEAL.description" : "Отримує ${val} нових істот за кожного вбитого ворога",
	"core.bonus.SPELLCASTER.name" : "Заклинатель",
	"core.bonus.SPELLCASTER.description" : "Може використовувати закляття ${subtype.spell}",
	"core.bonus.SPELL_AFTER_ATTACK.name" : "Після атаки",
	"core.bonus.SPELL_AFTER_ATTACK.description" : "Застосовує ${subtype.spell} з вірогідністю ${val}% після атаки",
	"core.bonus.SPELL_BEFORE_ATTACK.name" : "закляття перед атакою",
	"core.bonus.SPELL_BEFORE_ATTACK.description" : "Застосовує ${subtype.spell} з вірогідністю ${val}% перед атакою",
	"core.bonus.SPELL_DAMAGE_REDUCTION.name" : "Стійкість до заклять",
	"core.bonus.SPELL_DAMAGE_REDUCTION.description" : "Шкода від заклять зменшується на ${val}%.",
	"core.bonus.SPELL_IMMUNITY.name" : "Імунітет до заклять",
	"core.bonus.SPELL_IMMUNITY.description" : "Імунітет до ${subtype.spell}",
	"core.bonus.SPELL_LIKE_ATTACK.name" : "Атака, схожа на закляття",
	"core.bonus.SPELL_LIKE_ATTACK.description" : "Атакує за допомогою ${subtype.spell}",
	"core.bonus.SPELL_RESISTANCE_AURA.name" : "Аура стійкості",
	"core.bonus.SPELL_RESISTANCE_AURA.description" : "Поруч розташовані стеки отримують ${val}% опору",
	"core.bonus.SUMMON_GUARDIANS.name" : "Закликати охоронців",
	"core.bonus.SUMMON_GUARDIANS.description" : "На початку бою викликає ${subtype.creature} (${val}%)",
	"core.bonus.SYNERGY_TARGET.name" : "Синергізм",
	"core.bonus.SYNERGY_TARGET.description" : "Ця істота вразлива до ефекту синергії",
	"core.bonus.TWO_HEX_ATTACK_BREATH.name" : "Подих",
	"core.bonus.TWO_HEX_ATTACK_BREATH.description" : "Атакує додаткову ціль позаду",
	"core.bonus.THREE_HEADED_ATTACK.name" : "Триголова атака",
	"core.bonus.THREE_HEADED_ATTACK.description" : "Атакує до трьох сусідніх загонів",
	"core.bonus.TRANSMUTATION.name" : "Трансмутація",
	"core.bonus.TRANSMUTATION.description" : "${val}% шанс перетворити атакованого юніта в інший тип",
	"core.bonus.UNDEAD.name" : "Нежить",
	"core.bonus.UNDEAD.description" : "Істота є нежить",
	"core.bonus.UNLIMITED_RETALIATIONS.name" : "Необмежена кількість ударів у відповідь",
	"core.bonus.UNLIMITED_RETALIATIONS.description" : "Відбиває будь-яку кількість атак",
	"core.bonus.WATER_IMMUNITY.name" : "Імунітет до води",
	"core.bonus.WATER_IMMUNITY.description" : "Імунітет до всіх заклять школи Води",
	"core.bonus.WIDE_BREATH.name" : "Широкий подих",
	"core.bonus.WIDE_BREATH.description" : "Атака широким подихом",
	"core.bonus.LIMITED_SHOOTING_RANGE.name" : "Обмежена дальність стрільби",
	"core.bonus.LIMITED_SHOOTING_RANGE.description" : "Не може стріляти по цілях на відстані більше ${val} гексів",
	
	"vcmi.stackExperience.description" : "» S t a c k   E x p e r i e n c e   D e t a i l s «\n\nCreature Type ................... : %s\nExperience Rank ................. : %s (%i)\nExperience Points ............... : %i\nExperience Points to Next Rank .. : %i\nMaximum Experience per Battle ... : %i%% (%i)\nNumber of Creatures in stack .... : %i\nMaximum New Recruits\n without losing current Rank .... : %i\nExperience Multiplier ........... : %.2f\nUpgrade Multiplier .............. : %.2f\nExperience after Rank 10 ........ : %i\nMaximum New Recruits to remain at\n Rank 10 if at Maximum Experience : %i",
	"vcmi.stackExperience.rank.0" :  "Початковий",
	"vcmi.stackExperience.rank.1" :  "Новачок",
	"vcmi.stackExperience.rank.2" :  "Підготовлений",
	"vcmi.stackExperience.rank.3" :  "Досвідчений",
	"vcmi.stackExperience.rank.4" :  "Випробуваний",
	"vcmi.stackExperience.rank.5" :  "Ветеран",
	"vcmi.stackExperience.rank.6" :  "Адепт",
	"vcmi.stackExperience.rank.7" :  "Експерт",
	"vcmi.stackExperience.rank.8" :  "Еліта",
	"vcmi.stackExperience.rank.9" : "Майстер",
	"vcmi.stackExperience.rank.10" : "Профі",
}
